,ground_truth,gpt_4o,gpt_4o_mini,gpt_4,gpt_3_5_turbo,gemini_1_5_flash,gemini_2_0_flash
0,"A vector space is a mathematical structure formed by a collection of vectors, which may be added together and multiplied by scalars, typically real or complex numbers. For a set \( V \) to be considered a vector space over a field \( \mathbb{F} \), it must satisfy a set of axioms concerning addition and scalar multiplication. These include the existence of an additive identity (zero vector), additive inverses, associativity and commutativity of vector addition, compatibility of scalar multiplication with field multiplication, identity element of scalar multiplication, and distributivity of scalar multiplication with respect to both field addition and vector addition. These axioms ensure that operations within the space behave in a predictable and consistent manner, forming the algebraic foundation for much of linear algebra and higher mathematics.","A vector space is a set \( V \) equipped with two operations: addition and multiplication by scalars. These operations are defined by mappings: the addition operation is a mapping from \( V \times V \) to \( V \), denoted as \( \langle a, \beta \rangle \mapsto a + \beta \), and the multiplication operation is a mapping from \( \mathbb{R} \times V \) to \( V \), denoted as \( \langle x, a \rangle \mapsto xa \). 

The set \( V \) is considered a vector space with respect to these two operations if it satisfies certain laws of algebra, such as associativity of addition \( a + (\beta + \gamma) = (a + \beta) + \gamma \) for all \( a, \beta, \gamma \in V \). In this context, the scalars typically belong to \( \mathbb{R} \) for a real vector space. If the scalars are complex numbers, the vector space is referred to as a complex vector space.","A vector space is defined as a collection of objects (elements) that can be added to each other and multiplied by numbers (scalars), subject to certain algebraic laws. Formally, let \( V \) be a set along with two operations: a mapping for addition \( (a, \beta) \mapsto a + \beta \) from \( V \times V \) to \( V \) and a mapping for multiplication \( (x, a) \mapsto xa \) from \( \mathbb{R} \times V \) to \( V \). 

The set \( V \) is considered a vector space with respect to these operations if the following conditions hold:

1. \( a + (\beta + \gamma) = (a + \beta) + \gamma \) for all \( a, \beta, \gamma \in V \) (associativity of addition).
2. There exists an element \( 0 \in V \) such that \( a + 0 = a \) for all \( a \in V \) (existence of additive identity).
3. For each \( a \in V \), there exists an element \( -a \in V \) such that \( a + (-a) = 0 \) (existence of additive inverses).
4. \( a + \beta = \beta + a \) for all \( a, \beta \in V \) (commutativity of addition).
5. \( x(a + \beta) = xa + x\beta \) for all \( x \in \mathbb{R} \) and \( a, \beta \in V \) (distributivity of scalar multiplication with respect to vector addition).
6. \( (x + y)a = xa + ya \) for all \( x, y \in \mathbb{R} \) and \( a \in V \) (distributivity of scalar multiplication with respect to scalar addition).
7. \( (xy)a = x(ya) \) for all \( x, y \in \mathbb{R} \) and \( a \in V \) (associativity of scalar multiplication).
8. \( 1a = a \) for all \( a \in V \) (identity of scalar multiplication). 

In summary, a vector space is characterized by a set of elements that can be added and scaled while satisfying the above properties.","A vector space is defined as a set V, with a given mapping for addition (taking elements from V x V to V) and a mapping for multiplication by scalars (taking elements from IR x V to V). V is a vector space with respect to these two operations if following condition is satisfied: a + (fi + I') = (a + fi) + I' for all a, fi, I' in V. It is a collection of objects that can be added to each other and multiplied by numbers, subject to certain laws of algebra. Furthermore, the numbers in this context are often referred to as scalars.","A vector space is a collection of objects that can be added to each other and multiplied by numbers, subject to certain laws of algebra.","A vector space V is a set with two operations: addition (a mapping from V x V to V, denoted a + β) and scalar multiplication (a mapping from ℝ x V to V, denoted xα).  These operations must satisfy the following conditions (A1 is explicitly stated in the context, and others are implied):

* **A1.  Associativity of addition:** a + (β + γ) = (a + β) + γ for all a, β, γ ∈ V.
* Other axioms (implied but not fully listed in the provided text) govern the associativity and commutativity of addition, the existence of a zero vector, the existence of additive inverses, and the distributive properties of scalar multiplication over vector addition and scalar addition.","A vector space is a set V with two mappings: addition (from V x V to V) and multiplication by scalars (from IR x V to V), such that a + (fl + 1') = (a + tJ) + I' for all a, fl, I' E V."
1,"The Fundamental Theorem of Calculus consists of two parts that bridge the concept of differentiation and integration. The first part states that if a function \( f \) is continuous on a closed interval \([a, b]\), and \( F \) is defined by the integral \( F(x) = \int_a^x f(t)\,dt \), then \( F \) is differentiable on \((a, b)\) and \( F'(x) = f(x) \). This implies that integration can be undone by differentiation. The second part of the theorem states that if \( F \) is any antiderivative of \( f \) on \([a, b]\), then the definite integral of \( f \) over \([a, b]\) can be computed as \( \int_a^b f(x)\,dx = F(b) - F(a) \). Together, these results establish that integration and differentiation are inverse processes under appropriate conditions.","The Fundamental Theorem of Calculus states that if \( f \) is a continuous function on the interval \([a, b]\), and \( F \) is a function defined by the integral \( F(x) = \int_a^x f(t) \, dt \), then \( F \) has a derivative on the open interval \((a, b)\), and the derivative is given by \( F'(x) = f(x) \). This connects the concept of differentiation and integration, showing that the process of integrating a function and then differentiating it returns the original function.","The Fundamental Theorem of Calculus states that if \( f \) is a continuous function on the interval \([a, b]\) and \( F \) is defined by the integral \( F(x) = \int_a^x f(t) \, dt \), then \( F \) is differentiable on \((a, b)\), and its derivative is given by:

\[
F'(x) = f(x)
\]

This theorem establishes a connection between differentiation and integration, showing that the process of finding the derivative of an integral function yields the original function.","The Fundamental Theorem of Calculus states that if F is an antiderivative of function f on interval [a, b] and continuous on that interval, then the integral of f from a to b is equal to F(b) - F(a). In this context, if the function f is continuous on [a, b] and it is defined by F(x) = integral from a to x of f(t) dt, then the derivative of F exists on (a, b) and F'(x) = f(x).","The Fundamental Theorem of Calculus states that if \( F(x) = \int_{a}^{x} f(t) dt \), then the derivative of \( F \) exists and is equal to \( f(x) \).","Based on the provided text, the Fundamental Theorem of Calculus states that if  F(x) = ∫f, then (A ∘ F)' exists and (A ∘ F)'(x) = (A ∘ f)(x) = A(f(x)).  This, via the weak definition of the derivative, implies that F' exists and F'(x) = f(x).  In simpler terms, if F(x) is the integral of f(x), then the derivative of F(x) is f(x).  The text also notes that a consequence not easily shown using weak methods is the norm inequality ||∫f|| ≤ (b - a)||f||.","The Fundamental Theorem of Calculus states that if F(x) = integral from a to x of f(t) dt, then F'(x) = f(x)."
2,"The chain rule is a fundamental theorem in differential calculus that provides a method for computing the derivative of a composite function. If we have two functions \( f \) and \( g \), where \( f \) is a function of \( g(x) \), then the derivative of the composition \( f(g(x)) \) with respect to \( x \) is given by \( rac{d}{dx}f(g(x)) = f'(g(x)) \cdot g'(x) \). This rule is essential for dealing with nested functions and plays a critical role in both single-variable and multivariable calculus. It allows one to systematically differentiate functions that are built from simpler functions and is foundational in understanding how changes in input propagate through layers of functional dependencies.","The chain rule in differential calculus is a formula used to compute the derivative of the composite of two functions. It provides a way to take derivatives of linked functions, which is fundamental for dealing with many real-world problems.

In more precise terms, if you have two differentiable functions, \( F \) and \( G \), such that \( F: U \rightarrow V \) and \( G: V \rightarrow W \), and you form the composition \( G \circ F : U \rightarrow W \), then the derivative of this composition at a point \( a \in U \) is given by the product of the derivative of \( G \) at \( F(a) \) and the derivative of \( F \) at \( a \). The formula is written as:

\[
(G \circ F)'(a) = G'(F(a)) \cdot F'(a)
\]

In the context you've provided, this is referred to as the ""matrix chain rule"" when dealing with Jacobians (which are matrices representing derivatives in multi-variable calculus). It states that the derivative of a composition of mappings is the composition of their derivatives, evaluating each derivative at the appropriate point.","The chain rule in differential calculus describes how to compute the derivative of a composite function. If you have two functions \( F \) and \( G \), where \( G \) is a function of \( F \), then the chain rule states that:

\[
(G \circ F)'(a) = G'(F(a)) \cdot F'(a)
\]

In this formula, \( (G \circ F)'(a) \) represents the derivative of the composite function \( G \circ F \) at the point \( a \). The term \( G'(F(a)) \) is the derivative of \( G \) evaluated at the point \( F(a) \), and \( F'(a) \) is the derivative of \( F \) at the point \( a \). Thus, to find the derivative of the composite function, you multiply the derivative of the outer function (evaluated at the inner function) by the derivative of the inner function.

In the context of the provided text, which discusses differentiable mappings in finite-dimensional vector spaces, the chain rule still applies similarly, allowing for transformations between spaces and the usage of Jacobians to represent derivatives in higher dimensions.","The chain rule in differential calculus states that the derivative of a function composed of two functions is the derivative of the outer function evaluated at the inner function, multiplied by the derivative of the inner function. Formally, if G = F composed with another function, the chain rule is expressed as (G 0 F)'(a) = G'(F(a))F'(a).","The chain rule in differential calculus is expressed as (G 0 F)'(a) = G'(F(a))F'(a), where G and F are functions.","The chain rule in differential calculus states that the derivative of a composite function is the product of the derivative of the outer function (evaluated at the inner function) and the derivative of the inner function.  In the provided text, this is expressed as (G ∘ F)'(a) = G'(F(a))F'(a) for the single-variable case, and generalized to the multi-variable case using differentials/Jacobians as dG<sub>β</sub> = (dF<sub>α</sub>)<sup>-1</sup> where G = F<sup>-1</sup> and F(α) = β.",The chain rule in differential calculus is (G 0 F)'(a) = G'(F(a))F'(a).
3,"For a function \( f \) to be continuous at a point \( x = a \), three essential conditions must be satisfied: (1) the function \( f \) must be defined at the point \( a \), meaning \( f(a) \) exists; (2) the limit of the function as \( x \) approaches \( a \) must exist, i.e., \( \lim_{x 	o a} f(x) \) exists; and (3) the value of the function at \( a \) must equal the limit at \( a \), that is, \( \lim_{x 	o a} f(x) = f(a) \). If any of these conditions fail, the function is said to be discontinuous at that point. These criteria ensure that there is no 'jump', 'hole', or 'asymptotic behavior' in the graph of the function at the point \( a \), making the function behave smoothly in a neighborhood around that point.","The necessary conditions for a function \( f \) to be continuous at a point \( a \) are as follows:

1. **Limit Condition with Sequences:** For any sequence \( \{x_n\} \) in the domain \( X \) that converges to \( a \), the sequence of function values \( \{f(x_n)\} \) should converge to \( f(a) \). In formal terms, if \( x_n \to a \), then \( f(x_n) \to f(a) \).

2. **Epsilon-Delta Definition:** For every \( \epsilon > 0 \), there exists a \( \delta > 0 \) such that whenever the distance (under some metric or appropriate measure \( p \)) between \( x \) and \( a \) is less than \( \delta \) (i.e., \( p(x, a) < \delta \)), it implies that the distance between \( f(x) \) and \( f(a) \) is less than \( \epsilon \) (i.e., \( p(f(x), f(a)) < \epsilon \)).

Essentially, these conditions reflect the intuitive idea that small changes around the point \( a \) in the domain result in small changes in the function values around \( f(a) \) in the codomain.","For a function \( f \) to be continuous at a point \( a \), the following necessary conditions must be satisfied:

1. **Existence of \( f(a) \)**: The function \( f \) must be defined at the point \( a \); that is, \( f(a) \) must exist.

2. **Limit Existence**: The limit of \( f(x) \) as \( x \) approaches \( a \) must exist. This means 
   \[
   \lim_{x \to a} f(x) \text{ exists.}
   \]

3. **Equality of Limit and Function Value**: The value of the function at \( a \) must equal the limit of the function as \( x \) approaches \( a\):
   \[
   \lim_{x \to a} f(x) = f(a).
   \]

These conditions ensure that the function does not have any jumps, removals, or asymptotic behaviors at the point \( a \), thus satisfying the definition of continuity.","For a function to be continuous at a point, it must meet the following conditions: 
- For any sequence in X that converges to a certain point, say 'a', the function of the sequence also converges to the function of 'a'. 
- That is, if we consider any sequence {xn} in X, if Xn converges to 'a', then f(xn) also converges to f(a). 
- Another necessary condition is that for a given number, there is a second number such that the distance between X and 'a' is less than the second number implies the distance between f(X) and f(a) is less than the first number. This is due to the continuity of f at 'a'.
- If there is a number such that whenever the sequence index is greater than that number, the distance between the sequence terms and 'a' is less than the second number discussed above.
- Combining these implications, we see that for a given number, we found an index so that whenever the sequence index is greater than this index, then the distance between f(xn) and f(a) is less than the first number, showing that f(xn) converges to f(a). This is the formal definition of continuity at a point in mathematical terms.","The necessary conditions for a function to be continuous at a point are that for any sequence {xn} in X converging to that point a, then f(xn) must also converge to f(a).","Based on the provided text, a function *f* is continuous at a point *a* if and only if for any sequence {xₙ} in X, if xₙ converges to *a*, then f(xₙ) converges to f(a).  This is Theorem 3.2.","According to Theorem 3.2, a function f is continuous at a if and only if for any sequence {xn} in X, if xn converges to a, then f(xn) converges to f(a)."
4,"In calculus and differential geometry, a manifold is a topological space that locally resembles Euclidean space. More formally, an \( n \)-dimensional manifold is a space where each point has a neighborhood that is homeomorphic (topologically equivalent) to the Euclidean space \( \mathbb{R}^n \). This local Euclidean structure allows for the extension of concepts from calculus—such as continuity, differentiability, and integration—to more abstract spaces that may have curvature or other complex features. Manifolds are essential in many branches of mathematics and physics, especially in general relativity and modern differential geometry, where they are used to model curved spaces and spacetime.","In calculus, a manifold is a generalization of the idea of a surface, which locally resembles Euclidean space and can be described by coordinates. More specifically, a manifold is a topological space that, around each point, looks like open subsets of a Euclidean space. This means that for each point on a manifold, there is a neighborhood around it that can be mapped in a continuous and bijective manner (a homeomorphism) to an open subset of a Euclidean space. Manifolds are used to generalize concepts from calculus and geometry to more abstract spaces that cannot necessarily be embedded in Euclidean space in a straightforward way. These spaces can have various dimensions and are equipped with an atlas of charts, which are collections of these mappings that together cover the manifold. Manifolds play a crucial role in fields such as differential geometry and the study of differential equations, allowing for the application of calculus in more complex spaces.","In calculus, a manifold is a mathematical space that is locally similar to Euclidean space and can be described using coordinates. Specifically, a manifold is defined as a topological space that satisfies certain properties:

1. **Local Euclidean Structure**: Each point on a manifold has a neighborhood that is homeomorphic (i.e., there is a continuous and bijective mapping with a continuous inverse) to an open subset of a Euclidean space, typically denoted as \( \mathbb{R}^n \) for some integer \( n \), where \( n \) represents the dimension of the manifold.

2. **Differentiability**: Manifolds come equipped with a structure that allows for the definition of differentiability. This means that we can use calculus on functions defined on these manifolds, and perform operations such as differentiation and integration.

3. **Atlas and Charts**: A manifold is covered by charts (coordinate systems) and these charts are organized in an atlas. An atlas is a collection of charts that allows for the transition from one chart to another through differentiable functions.

In the context of the provided text, the manifolds under consideration are finite-dimensional and possess an atlas with at most a countable number of charts. This framework enables the study of calculus—specifically, integral calculus—on manifolds.","A manifold in calculus is a mathematical space that allows for more complex shapes than those possible in regular Euclidean space. It is a space in which each point can be described by a set of coordinates, and it can be approximated at each point by a linear space. Manifolds are used in calculus to generalize the concepts of curves and surfaces to higher dimensions. The study of manifolds involves examining their shape, structure, and the way they can be mapped onto other spaces.","In calculus, a manifold is a topological space that locally resembles Euclidean space near each point. It is a generalization of the concept of a curve or surface to higher dimensions. Manifolds have a well-defined notion of tangent spaces at each point, allowing for the development of calculus on these spaces.","Based on the provided text, a manifold in calculus is a generalization of the notion of space.  It's a space that, while not necessarily an open subset of a vector space, can be ""approximated"" at each point by a linear space.  A manifold can be described locally using coordinates (like the surface of a sphere), even if it can't be mapped in a one-to-one way onto an open subset of a plane (as in the case of a compact sphere).  In Chapter 10, the manifolds considered are finite-dimensional and possess an atlas with at most a countable number of charts.","In calculus, a manifold is a space that generalizes the notion of open subsets of a vector space. While it might not be directly viewed as an open subset of a vector space, it can be ""approximated"" at each point by a linear space. The surface of a unit sphere in 1E3 is a good example."
5,"The Implicit Function Theorem is a powerful result in multivariable calculus that provides conditions under which a relation defined by an equation can be solved for one variable in terms of others, even when an explicit formula is not available. Suppose we have a continuously differentiable function \( F(x, y) = 0 \), and we want to solve for \( y \) as a function of \( x \). If at a point \( (x_0, y_0) \), \( F(x_0, y_0) = 0 \) and the partial derivative \( rac{\partial F}{\partial y}(x_0, y_0) 
eq 0 \), then there exists a neighborhood around \( x_0 \) in which \( y \) can be expressed as a differentiable function \( y = g(x) \). This theorem is critical in analyzing and simplifying complex relationships between variables and is widely used in economics, engineering, and optimization problems.","The Implicit Function Theorem is used to determine when a set of equations can define some variables as functions of others. More specifically, it provides conditions under which, given a system of equations with several variables, some of those variables can be expressed as continuously differentiable functions of the remaining variables. The theorem is particularly useful in cases where solving the system explicitly is difficult or impossible. It guarantees the existence of these functions locally, around a specific point, provided certain conditions, such as the non-vanishing Jacobian determinant, are met. This allows us to understand and analyze the behavior of solutions near this point even without being able to find an explicit formula for these solutions.","The Implicit Function Theorem is used to determine the conditions under which a relation defined by an equation involving multiple variables can be expressed as a function of some of those variables. Specifically, if you have a continuously differentiable function \( G(x, y) \) of multiple variables such that \( G(a, b) = 0 \) for some point \((a, b)\), the theorem provides criteria to ascertain whether it is possible to solve for one variable (e.g., \( y \)) in terms of the others (e.g., \( x \)). It ensures the existence of a unique continuously differentiable function \( F \) near the point \( (a, b) \) such that \( y = F(x) \) satisfies the original equation.

This theorem is particularly powerful as it guarantees local solutions to equations that might be difficult to solve explicitly. Furthermore, it has numerous applications, including in economics, physics, and engineering, where one often needs to express dependent variables in terms of independent ones based on constraints given by relationships.",The Implicit Function Theorem is used to solve systems of equations where one or several variables cannot be explicitly defined as a function of the others. It provides a guarantee of the existence and properties of functions that are implicitly defined.,The Implicit Function Theorem is used to find relationships between variables in equations where one variable is implicit and not explicitly defined. It helps determine how changes in one variable affect the others in a system of equations.,"Based on the provided text, the Implicit Function Theorem guarantees the existence of a mapping that may be difficult or impossible to find explicitly.  It's used to show the existence of solutions to systems of equations where some variables are implicitly defined in terms of others.  The theorem is particularly useful when dealing with situations where explicitly solving for one variable in terms of others is impractical or impossible, as it assures the existence of a solution even without explicit calculation.  The text also mentions its application in proving the existence of solutions to polynomial equations of degree 6.","The Implicit Function Theorem is used to guarantee the existence of a mapping, which may be very difficult or impossible to find explicitly. It provides conditions under which an equation of the form G(x, y) = 0 can be solved for y as a function of x, even if we cannot find an explicit formula for that function."
6,"A linear transformation is a function between two vector spaces that preserves the operations of vector addition and scalar multiplication. Formally, a transformation \( T: V 	o W \) between vector spaces \( V \) and \( W \) is linear if for any vectors \( u, v \in V \) and any scalar \( c \), the following two properties hold: \( T(u + v) = T(u) + T(v) \) and \( T(cu) = cT(u) \). These properties ensure that the structure of the vector space is maintained under the transformation. Linear transformations can be represented using matrices, and they form the foundation of linear algebra, with applications in computer graphics, machine learning, and differential equations.","A linear transformation, or a linear map, is a mapping \( T: V \rightarrow W \) between two vector spaces \( V \) and \( W \) that satisfies the following properties:

1. **Additivity**: \( T(a + b) = T(a) + T(b) \) for all vectors \( a, b \) in the vector space \( V \).
2. **Scalar Multiplication**: \( T(xa) = xT(a) \) for all vectors \( a \) in \( V \) and all scalars \( x \) in the field (such as \( \mathbb{R} \)).

These two conditions can be combined into the single equation:

\[ T(xa + yb) = xT(a) + yT(b) \]

for all vectors \( a, b \) in the vector space \( V \) and all scalars \( x, y \) in the field. Linear transformations thus preserve the operations of vector addition and scalar multiplication.","A linear transformation, or linear map, is a mapping \( T: V \to W \) between two vector spaces \( V \) and \( W \) that satisfies two key properties for all vectors \( a, \beta \in V \) and all scalars \( x, y \in \mathbb{R} \):

1. **Additivity**: \( T(a + \beta) = T(a) + T(\beta) \) 
2. **Homogeneity**: \( T(xa) = xT(a) \)

These properties can be combined into a single equation, which is:

\[ T(xa + y\beta) = xT(a) + yT(\beta) \]

This means that linear transformations preserve vector operations (addition and scalar multiplication) but do not necessarily preserve products.","A linear transformation, also known as a linear map, is a mapping T between two vector spaces V and W that preserves the operations of vector addition and scalar multiplication. This means that T(a + b) = T(a) + T(b) for all vectors a and b in V, and T(xa) = xT(a) for all vectors a in V and all scalars x.","A linear transformation is a mapping T from one vector space to another that preserves vector addition and scalar multiplication, meaning T(ax + by) = aT(x) + bT(y) for all vectors x, y and scalars a, b.","A linear transformation (or linear map) T: V → W, where V and W are vector spaces, is a mapping that satisfies two conditions:

1.  T(α + β) = T(α) + T(β) for all α, β ∈ V.
2.  T(xα) = xT(α) for all α ∈ V, x ∈ ℝ.

These conditions can be combined into a single equation: T(xα + yβ) = xT(α) + yT(β) for all α, β ∈ V and all x, y ∈ ℝ.","A linear transformation is a mapping T: V -> W, where V and W are vector spaces, such that T(a + β) = T(a) + T(β) for all a, β ∈ V, and T(xa) = xT(a) for all a ∈ V, x ∈ ℝ. This can be combined into the single equation T(xa + yβ) = xT(a) + yT(β) for all a, β ∈ V and all x, y ∈ ℝ."
